<?xml version="1.0" encoding="UTF-8"?>
<configuration>

    <property name="logdir" value="./logs" />

    <appender name="Console"
        class="ch.qos.logback.core.ConsoleAppender">
        <layout class="ch.qos.logback.classic.PatternLayout">
            <Pattern>
                %d{dd-MM-yyyy HH:mm:ss.SSS} [%thread] %-5level [%F:%L] %logger{36}.%M - %msg%n
            </Pattern>
        </layout>
    </appender>

    <appender name="RollingFile"
        class="ch.qos.logback.core.rolling.RollingFileAppender">
        <file>${logdir}/syst-sgrs.log</file>
        <encoder
            class="ch.qos.logback.classic.encoder.PatternLayoutEncoder">
            <Pattern>%d{dd-MM-yyyy HH:mm:ss.SSS} [%thread] %-5level [%F:%L] %logger{36}.%M - %msg%n</Pattern>
        </encoder>

        <rollingPolicy
            class="ch.qos.logback.core.rolling.TimeBasedRollingPolicy">
            <fileNamePattern>${logdir}/syst-sgrs-%d{yyyy-MM-dd}.%i.log
            </fileNamePattern>
            <timeBasedFileNamingAndTriggeringPolicy
                class="ch.qos.logback.core.rolling.SizeAndTimeBasedFNATP">
                <maxFileSize>10MB</maxFileSize>
            </timeBasedFileNamingAndTriggeringPolicy>
        </rollingPolicy>
    </appender>

 <root level="info">
        <appender-ref ref="RollingFile" />
        <appender-ref ref="Console" />
    </root>

</configuration>